Country/Terrain,Acute hepatitis,Alcohol use disorders,Alzheimer's/dementias,Cardiovascular diseases,Conflict/terrorismum,Diabetes,Diarrheal diseases,Digestive diseases,Drowning,Tuberculosis,Terrorism (deaths),Self-harm,respiratory diseaseses,Protein-energy malnutrition,Road injuries,Poisonings,Parkinson,Nutritional deficiencies,Neonatal disorders,Fire/hot substances,Neoplasms,Meningitis,Maternal disorders,Malaria,HIV/AIDS,Drug use disorders,Environmental heat and cold exposure,Exposure of nature,Lower respiratory infectionses,liver diseases,kidney disease,Interpersonal violence
Afghanistan,98108,3257,41998,1607042,280520,93207,245832,186959,56536,147637,39193,37054,209857,70163,208331,14530,13397,71453,697534,13559,469611,78666,129621,13924,4282,7094,2187,16770,822179,98419,134676,108228
African Region (WHO),525499,163833,1252189,24875081,1402850,3602991,24485553,7763233,801804,13028578,0,1651040,4564405,4778253,4839529,555599,318566,4940860,22661168,659574,11094707,5325372,2740727,21462693,28888674,53177,152369,27009,23007934,4578870,2779058,2056987
Albania,44,458,16549,270603,2145,4055,677,14907,2397,593,42,4587,22632,526,8522,500,4491,569,15567,636,102577,1323,246,0,57,634,164,89,26402,8717,7636,5242
Algeria,10492,2748,86914,2123720,30947,89035,34410,146527,24273,18089,11066,44966,168453,6407,369395,12337,22943,7138,395714,27628,469379,15685,29475,70,6101,10612,1041,4032,179379,91927,154666,16702
American Samoa,0,17,143,2851,10,970,89,341,120,30,0,100,612,60,164,0,69,60,246,0,1474,30,30,0,15,0,25,41,328,181,512,101
Andorra,30,30,614,3526,0,198,16,560,0,0,0,220,838,0,259,0,137,0,24,0,5015,0,0,0,85,0,0,0,390,283,292,15
Angola,14431,4289,17704,525047,54203,73366,810148,190974,34337,473636,2195,40895,101847,229863,241350,14022,4486,235181,554921,15712,237225,110893,61545,317069,244358,1190,3520,742,564508,119381,49080,20795
Antigua and Barbuda,0,138,428,5264,1,1329,62,566,120,11,0,65,246,84,187,8,117,87,253,60,3004,40,0,0,258,6,0,39,779,301,693,119
Argentina,1732,27147,261721,2836128,773,278201,23155,422716,24300,30389,125,127809,463952,41935,172081,8654,68278,44066,173947,20991,2113666,17548,12521,123,48615,1535,1567,425,697414,201480,357513,72506
Armenia,154,2592,15714,388635,357,34565,3402,38666,4519,3830,37,6308,35416,324,10213,1182,3739,817,14572,2944,154102,423,377,5,264,225,4172,13,18723,24100,7571,5250
Australia,288,13171,210625,1441279,55,100026,3949,146403,6818,2554,16,78158,251004,2899,57136,1417,48084,3778,19244,4013,1222858,1975,497,0,6067,23866,1272,259,87541,50555,94106,9659
Austria,98,11262,101351,1031672,30,59349,1495,105037,2406,2251,9,46764,85450,40,24587,822,23665,239,5440,1553,624487,1152,113,0,2005,4841,923,336,34197,60850,56142,2334
Azerbaijan,1385,6620,25190,1026714,5883,44141,17970,102820,13279,30739,258,9604,57915,1653,24840,2991,7147,2151,82492,14459,263680,4272,1611,32,1152,833,4232,208,146930,78289,29145,19861
Bahamas,9,379,1167,18249,15,3203,147,2655,714,242,1,278,1053,144,1751,36,323,170,1071,297,11673,123,109,0,4845,43,30,107,2208,1401,2086,2437
Bahrain,106,116,1015,25731,58,9552,263,3968,384,360,44,1897,3538,103,4618,58,331,109,2052,371,13173,113,167,0,276,59,17,0,1594,2411,2804,697
Bangladesh,166599,7907,227497,6123691,3456,597943,1579876,1250266,711803,1441614,933,260847,1750541,599026,249894,15411,75527,702268,2772388,47594,2064156,94565,314015,349375,4434,6583,4791,155003,2062670,768520,282841,112401
Barbados,9,173,2385,23478,10,7606,170,2710,349,70,3,398,1451,175,952,19,597,255,885,146,17933,134,59,0,1189,24,0,3,3911,1124,2496,902
Belarus,775,77811,83681,2310287,104,17117,814,118136,37908,17232,14,100503,131458,912,60793,17426,16259,1775,12194,24666,631190,2989,614,0,7361,8320,27053,43,40752,61628,12560,33747
Belgium,257,11944,138986,1037826,165,52810,15117,153724,2770,3692,51,68836,209375,6140,41391,1636,30009,7089,7634,4190,921997,1691,232,0,2996,4941,1402,44,152118,59178,62771,5780
Belize,11,175,855,9582,54,2757,442,1902,607,417,3,525,1325,361,1785,60,205,393,2127,107,5367,101,114,5,1842,21,0,64,2590,1151,1792,1935
Benin,6281,1401,13464,246509,31,29925,196720,79638,11517,79509,0,14955,44797,43399,45197,5654,3804,44748,321322,7791,101713,69978,34853,316834,80892,261,1751,122,271088,46718,33309,16162
Bermuda,0,30,562,5384,0,615,11,516,72,0,0,94,400,0,258,5,170,6,64,0,4156,10,0,0,313,33,0,6,418,233,391,63
Bhutan,650,158,1319,25967,13,2597,6418,7442,935,5631,9,1120,12813,665,2102,91,451,867,15910,272,9634,1565,1434,4241,615,39,51,263,8369,4355,2879,282
Bolivia,961,8816,24922,336227,25,69124,45190,131926,17931,80073,23,17950,76607,36918,58489,2843,9852,39396,155501,6173,273812,8475,20557,787,18229,1092,669,1172,224508,68986,78087,17062
Bosnia and Herzegovina,161,5464,22273,500781,27414,45187,351,38172,2063,6806,79,12940,37217,47,7110,1887,7552,117,7523,2000,237661,478,178,0,91,219,297,41,12429,20590,15439,3972
Botswana,325,665,2887,81565,8,20696,24860,20318,2607,29548,6,10560,18118,5265,15000,1091,807,5394,27934,2748,42180,3835,2068,662,263306,173,576,35,39769,10592,8749,9718
Brazil,8977,225603,924942,9589019,598,1315755,528838,1776565,250078,223259,133,345404,1743233,312031,1352192,7754,171324,333626,1667293,59981,5606779,136709,72806,39970,447733,15695,3037,6817,1997167,927027,820933,1762967
Brunei,97,31,401,10987,0,3592,67,1308,507,560,0,487,2274,12,1850,40,218,30,727,133,9522,57,74,0,99,83,26,3,1429,668,1354,168
Bulgaria,253,5238,69091,2423467,50,74257,932,125903,7408,7060,26,47203,99884,129,33528,2897,24665,315,9562,4586,555720,2152,565,0,1830,1664,4375,83,80506,77343,44226,9627
Burkina Faso,8774,2993,25070,441449,1383,58916,553691,142102,19688,178470,133,30023,60148,135194,102398,13499,6915,140980,451659,15183,187817,175973,46191,950762,333448,870,2958,156,613248,77027,55275,37008
Burundi,5160,1844,9765,262614,163935,34307,278912,81242,9904,259426,4205,19662,62573,89396,46865,6953,2688,92461,244032,7316,118648,45933,39659,320767,312891,291,2161,235,212757,47720,24401,2595
Cambodia,8616,3476,29730,610359,4859,68902,120610,293928,42415,258403,528,20553,108599,47177,82216,2619,7467,50348,205088,7357,278331,16138,32001,13505,104487,801,133,1685,507250,189074,46626,14445
Cameroon,16362,3772,26747,546358,7133,97869,718882,168672,16677,202990,2347,44504,101447,40188,139475,9994,9292,42368,446827,13303,263938,96161,82600,614095,743352,1280,3131,192,482863,99702,97328,18472
Canada,402,30411,317320,2213352,185,195320,29015,288628,9602,4676,16,133442,402093,7291,92479,4193,82441,8996,31372,9910,2112700,3088,768,0,17171,37251,3968,366,214127,123127,145149,16095
Cape Verde,215,84,2245,21424,0,2177,3818,4005,947,2485,0,1850,2803,699,1111,79,418,774,5153,409,12638,865,388,14,2985,19,50,12,7217,2489,1911,2135
Central African Republic,4039,1460,3533,166728,14808,23653,233318,53671,9175,226165,1987,15116,39544,37846,72709,4131,1235,38999,154874,4625,63736,31409,25629,134706,279310,279,1214,24,178957,27344,15374,11668
Chad,14871,1857,15577,307518,11663,35722,762160,114101,15683,196181,1119,20414,66005,122238,55181,8304,4519,124953,381761,10891,123767,116529,69912,195599,137491,247,2963,272,515058,62157,39464,21365
Chile,230,13931,83528,722163,44,76500,9474,200149,14523,18268,44,62462,131062,12987,69879,1520,24452,13622,29297,11910,683226,5139,2106,0,12667,1104,1451,1362,145744,126817,91121,25098
China,318564,485796,5381846,100505973,3043,3468554,886833,8924906,2873619,2708461,988,5078550,36676826,507664,8350399,770140,1533092,584236,4353666,383402,61060527,480899,243257,13418,433709,626914,198582,138961,8525819,4918899,4195276,776275
Colombia,749,2896,206135,1626208,33084,161139,61359,252124,40400,34691,8393,71521,346961,47592,224805,3442,33628,49530,276396,8913,1042371,21865,18788,22275,62413,2889,607,5883,214455,92316,174282,709555
Comoros,331,121,1576,25908,57,3494,14204,7092,516,10967,1,961,4368,3395,3669,352,361,3555,18235,446,11620,2652,1232,7616,19,35,131,15,17561,3741,2587,1457
Congo,1218,1175,5445,157498,16445,24062,99614,40923,3621,69715,182,10310,26271,11328,39775,1921,1623,11970,69747,2392,67958,11567,13664,69947,191273,449,573,28,64391,25051,15135,5894
Cook Islands,0,0,85,1392,0,617,30,121,30,3,0,69,213,0,142,0,34,0,40,0,719,0,0,0,16,0,0,20,272,60,136,0
Costa Rica,155,1844,21818,141587,6,11021,3355,34305,4516,2085,5,8768,28119,569,20799,270,3841,649,12095,630,116484,1259,710,6,4522,437,55,329,14100,18467,23033,10021
Cote d'Ivoire,8102,4412,20768,508223,5238,74322,356626,167433,18365,233951,268,46755,90757,41656,88588,10679,7400,43512,738820,14061,237471,102377,72153,941597,1063120,838,3589,196,597568,101618,77632,54438
Croatia,45,7910,43338,750842,7911,30633,550,76052,3119,4843,248,28210,46442,30,18995,847,11258,91,4701,1567,381548,802,128,0,302,1914,1041,13,26059,45633,21218,3029
Cuba,412,10775,90719,1003002,231,54973,11071,100145,9760,1809,8,56886,96288,1575,47723,726,18381,2036,11746,3595,608854,5586,2235,0,5894,544,309,198,161571,44142,50214,21050
Cyprus,27,221,5533,83156,7,14523,378,8567,847,182,5,1612,12054,124,5123,61,2107,155,1339,241,45435,131,33,0,83,353,168,5,4651,3550,7538,648
Czechia,173,10735,103792,1652941,17,59397,3658,136883,6929,2759,6,54379,87543,1301,36858,3645,22201,1553,7875,2755,861957,1832,206,0,356,2435,3738,81,82309,67652,32131,5216
Democratic Republic of Congo,49422,13783,77790,1989495,116313,244784,1713685,579357,84451,1563620,4069,125010,481359,416177,768797,37676,17822,429554,1468390,42838,762610,297783,272263,2557219,1006324,3445,9015,1403,1724304,336156,181244,74449
Denmark,75,19898,65642,579329,30,37380,6968,83455,1267,1279,4,27358,121567,1308,14209,381,13120,2943,4304,2612,505940,1746,85,0,1493,5936,426,13,63979,30387,24236,2031
Djibouti,372,191,823,20843,693,3181,14047,6626,765,12608,259,1357,2887,10015,3367,468,218,10246,20256,611,12025,3562,3510,1997,20009,41,205,198,18660,4038,2229,2264
Dominica,1,103,586,7296,1,1714,78,753,129,117,0,112,609,73,402,51,156,88,390,60,4758,39,30,0,191,9,0,114,918,327,1034,211
Dominican Republic,991,3018,34476,502583,16,53725,41343,82139,8181,23417,15,15690,40480,16460,67010,1298,8007,17100,130457,4366,205434,10923,6423,556,69145,667,279,1461,58854,58487,42605,44560
East Asia & Pacific (WB),662519,697151,10435069,148557650,73125,8733516,5339871,18368435,4228961,9601727,0,7538828,46368217,2053698,13035092,962096,2434528,2266275,9844777,645803,90894107,1241457,887917,349256,1918710,747629,278778,585812,18852879,10861324,8682699,1803496
East Timor,338,173,1615,39655,5885,3289,11164,9087,2363,9936,0,1411,10131,5925,3528,143,461,6226,21236,413,14688,1648,3119,4928,6703,34,60,5,25018,4308,4275,835
Eastern Mediterranean Region (WHO),622355,76370,1092453,30781314,1338548,2209409,5758195,4554800,484004,3371275,0,933455,4453748,831499,4083939,206418,313836,1010976,13213869,410357,9354542,1173058,979043,608788,297629,158138,35160,190431,6492082,3372423,2602994,779532
Ecuador,616,12216,49500,443431,100,92543,34512,148698,18924,36910,14,34405,71754,26034,113397,2357,13047,29134,111655,5630,346264,6070,8540,8010,20616,1278,309,2368,147588,79244,124947,69274
Egypt,56882,3349,146785,5995471,7542,370494,498193,1583081,33681,35759,3779,70777,543660,26381,796157,5649,49207,30709,504806,42655,1160639,39101,34917,0,2784,1366,1735,1572,954868,1422257,445949,11933
El Salvador,171,27028,33957,222986,2542,41716,26523,62337,7347,5070,795,15566,35418,9725,41754,455,5985,9761,40341,1573,128602,2863,3236,34,16995,247,111,2468,63650,35406,74204,103286
England,568,28010,643800,5421118,819,161729,29753,680163,8184,12333,0,135347,1066163,2417,93910,4793,151778,4068,52038,12713,4268791,9531,1428,0,9309,47103,4549,243,1039222,192279,136011,10861
Equatorial Guinea,255,151,1079,21631,24,3884,17376,5634,795,11858,2,1547,4232,2956,6644,356,272,3065,18016,430,10692,2641,2354,28215,31440,57,96,0,15830,2923,2535,1017
Eritrea,3074,1226,3819,134500,43236,20247,163153,51659,4850,141081,46,12046,26717,59708,25804,3733,1202,61745,101110,4098,71735,25311,25142,11951,71881,261,1543,3,142415,32760,13241,13945
Estonia,21,8353,14249,280754,12,4273,74,17962,3320,2217,3,11446,9039,108,6864,685,2990,161,1394,3900,110152,400,62,0,696,2246,3762,5,7613,8316,5523,5077
Eswatini,263,272,1179,37935,4,14892,19732,9281,1601,23660,1,5601,9328,3832,10616,684,362,3896,17107,1507,22999,2988,1263,795,154247,100,347,12,25060,5129,6336,6018
Ethiopia,61336,17110,101811,1936154,158564,322888,2514592,878453,82079,1739099,1389,169113,398489,789723,304197,101065,24304,823168,2851757,69309,936826,605256,373719,453985,1788429,4363,23032,2336,2343265,556480,251375,198391
Europe & Central Asia (WB),69740,2415747,8657712,127546069,182979,4583561,519451,12233648,1113222,1361673,0,5076247,11127794,190533,3779378,552884,1941983,246457,2049451,747645,60020792,252955,76168,5234,840243,620386,904417,34512,7990351,6362980,3795763,1943991
European Region (WHO),69962,2418213,8719048,128296565,192030,4673583,526769,12298295,1115549,1365541,0,5097527,11197587,191297,3805483,553404,1959125,247494,2067171,749379,60500744,254403,76532,5234,841472,622435,904983,34597,8033225,6390630,3860870,1951035
Fiji,86,48,1457,62710,8,35664,3356,4415,1855,1342,8,2448,12012,597,2802,76,923,603,5653,748,16990,621,571,0,300,72,30,212,6430,2175,6447,1038
Finland,71,17229,64640,695601,80,14615,1737,70121,4186,2816,11,35090,48037,97,12636,429,14795,284,2513,2596,356716,786,88,0,354,7087,3059,17,50628,30254,12630,4021
France,754,104759,882954,4729313,792,324244,47915,839800,31279,49505,344,388164,607771,99271,217006,6253,180197,103810,45344,24380,5067099,8975,2301,0,50258,34180,16249,913,577479,357490,273752,21575
Gabon,380,461,3578,64442,12,13940,14826,16123,991,19145,4,4367,9013,2845,13750,688,996,3054,22255,869,32113,3545,3383,25464,43020,196,202,1,23189,10477,8348,1911
Gambia,567,278,2632,48140,41,5805,23536,14261,1220,18036,13,2433,8642,5553,5698,806,812,5784,44246,1069,19405,7947,8200,38603,22925,53,261,75,35453,7777,5907,322
Georgia,249,2080,40267,1018279,4142,31656,1786,62230,5814,9292,278,9228,34752,81,23007,1352,8453,244,25580,6921,223706,1303,617,12,377,582,878,158,28699,48012,16025,6198
Germany,2446,180344,1114977,10819770,387,621575,66744,1335653,17698,24383,84,377986,1117582,8354,211341,3303,264727,11627,46185,20982,7325650,10086,1488,0,28389,43072,5408,280,603119,654268,616900,24943
Ghana,9465,4633,34949,794129,334,117346,370749,244322,16423,319504,19,41731,130727,96591,124478,11060,9136,100393,535127,15216,362921,128260,40268,721339,493463,999,3421,491,448884,157443,91364,23702
Greece,1145,1085,123503,1453438,105,34135,594,95956,10846,4587,100,13763,127666,155,56043,917,31404,306,7981,3716,902379,1291,158,0,1009,7160,852,238,99752,42974,96773,4084
Greenland,0,319,153,3419,0,159,30,635,150,122,0,1366,829,10,106,26,77,13,259,89,3845,50,0,0,85,47,60,2,346,229,147,231
Grenada,6,84,478,7700,3,1856,61,950,212,31,0,149,524,87,327,17,118,98,475,68,4397,39,30,0,206,25,0,19,1491,466,1025,166
Guatemala,341,46997,28261,304449,2658,104308,153754,185491,11727,24579,288,25845,51045,91285,50375,5073,6874,97605,159183,5502,248339,8966,22395,442,17114,3010,708,1863,316820,111181,89654,161965
Guinea,11236,1918,22010,363385,1879,47968,289563,108468,16168,142635,212,17788,76316,83345,56337,7638,6613,85381,359684,10740,202921,101125,61024,362660,98415,312,2488,39,465928,65990,48969,20002
Guinea-Bissau,1749,346,1710,52785,951,7327,56776,18655,2461,25866,17,3789,10373,7976,13652,1137,611,8301,56058,1525,21933,13956,5811,26594,29623,73,438,8,43246,10860,7372,4143
Guyana,111,643,1730,63771,63,13640,3448,10282,1925,2556,33,7177,2990,2036,4437,108,570,2316,10512,614,18376,353,834,3420,6691,36,114,34,7884,6511,5593,4718
Haiti,3023,8097,14787,601707,1029,97074,196771,107579,42062,45749,324,22867,84435,41149,33503,5693,5793,42414,156871,16152,227925,40890,44582,28833,300695,716,4454,231490,208656,50341,48881,77719
Honduras,822,7617,19534,270940,161,18770,58414,120555,6784,15393,110,5826,68649,7123,29024,1627,6484,7735,70799,1834,135345,4455,10356,205,3735,1721,127,15648,35096,57558,50046,100835
Hungary,125,22920,102429,1938728,10,66143,3589,254541,6453,6947,6,86210,155490,316,42672,2333,22142,797,13123,6239,1036094,2864,363,0,3572,1339,7387,69,34060,165435,35355,7584
Iceland,0,196,2925,21405,0,607,81,1622,92,69,0,1107,2642,33,536,30,784,38,210,60,16360,55,0,0,48,265,30,76,2768,436,645,79
India,1672179,527112,1707561,52994710,74430,4781169,26243547,11804380,2110438,15820922,16210,5543395,25232974,2356222,5346154,170119,756832,3290569,20911570,730580,17762703,2008944,2292449,2439244,2454374,168928,334967,114044,16419404,6294910,4556172,1237163
Indonesia,231909,16158,487566,13587011,7489,1888549,2590656,3204787,237902,3197011,1139,223144,2559457,560546,1325509,27837,145752,604467,2238128,51790,4672674,337724,376966,74664,74981,12980,3614,191693,1820769,2249388,964478,81342
Iran,17350,6288,212745,3867575,9208,213971,51705,252304,57888,29658,607,133625,359283,12817,840360,36491,48549,13985,782644,85948,1242461,30820,13881,13013,12695,76171,1804,75410,319755,153354,246305,60299
Iraq,5952,1178,63014,1655522,336980,173840,70537,88429,33077,42775,78428,43690,81596,9766,160444,4017,14484,10598,454485,31626,421656,29604,18547,86,1451,11566,1041,169,175662,62335,154225,90383
Ireland,35,2545,32298,334089,16,13527,785,30682,1768,1300,14,14753,67264,187,9708,405,8110,396,3418,1422,252493,622,81,0,510,3978,320,20,54142,9614,15477,1132
Israel,177,1862,48452,353386,8833,63661,5931,46616,1526,1423,1320,15596,47848,743,19927,243,12292,990,10404,1348,331189,1045,262,0,1186,1640,419,49,32778,18669,54179,5255
Italy,2162,9444,929827,6614384,70,568245,13056,827170,13429,17572,26,141185,797579,8727,234288,4406,179066,13147,39400,13888,5173525,6584,851,0,47691,22032,5468,1801,291040,432732,346993,23540
Jamaica,56,233,17776,151968,86,53947,2130,13363,472,462,19,1910,16370,2658,4761,111,3421,2871,18714,625,96446,1063,919,0,13671,133,38,101,13598,4894,20966,13745
Japan,6876,21091,2638908,9210437,78,251165,67308,1463405,189041,135757,45,861712,1231229,27908,327979,12372,308327,38101,32849,52365,10530449,14330,2698,0,5140,12254,43462,27540,2659196,755502,966881,28447
Jordan,424,270,10111,201236,1084,35911,2337,19434,3318,1044,119,4807,16228,367,25603,1681,2629,429,49239,4429,82273,1982,3010,0,400,252,105,63,23329,11054,26307,6502
Kazakhstan,3037,59494,55729,2232449,416,49499,17170,228739,43544,85570,39,149638,224600,2187,103782,20586,16206,3322,77170,19527,648639,8919,3633,0,7614,15442,37574,211,139520,152588,43437,76206
Kenya,34762,6408,51425,798827,9319,116148,729360,428683,16553,452070,1898,65367,163945,167652,100798,19489,11205,173201,584643,19466,409423,140063,106386,303684,2583539,1496,5862,1546,644983,272978,89063,96919
Kiribati,100,11,166,8385,14,2987,1687,1440,173,2087,0,807,1903,565,537,52,116,576,1706,30,2910,455,283,0,48,30,16,0,1142,732,853,128
Kuwait,55,172,6131,72602,3853,7012,160,5651,664,909,41,2420,4027,2,13449,477,966,23,5793,746,26502,295,126,0,77,352,57,3,9978,3451,6620,1162
Kyrgyzstan,1238,12578,19434,517868,672,8541,9442,66466,12857,19192,10,19677,72407,463,27667,3550,3521,564,52311,4570,113709,3249,2013,12,3767,2153,3722,600,52290,55655,15474,12968
Laos,3834,2226,9990,309868,393,34098,87415,66638,18731,110749,25,13307,76974,16271,36050,1601,3093,17326,154761,3451,112232,13812,18920,5372,6315,389,444,377,197088,30997,40767,21020
Latin America & Caribbean (WB),30676,566975,2589348,25201777,54168,4310931,1661783,5820870,626735,827736,0,1123614,4483431,990029,3309177,72459,544379,1074269,4266478,204189,16188219,330907,322250,115109,1375816,56230,24214,318956,5780978,3232317,3753716,4148678
Latvia,183,10957,23112,544361,9,9100,155,30628,8473,4160,2,21098,15486,94,16013,1722,5117,303,2705,6883,176973,728,151,0,3033,1657,6580,10,13047,12609,5191,8685
Lebanon,4381,363,21842,362107,4927,18508,2263,21986,1838,1710,1260,4291,28211,339,11511,970,4369,402,25063,2618,151517,1274,789,0,1906,1860,90,48,22009,13849,25459,8275
Lesotho,1037,808,4029,105072,151,26695,60502,23737,2953,73453,1,16070,33797,7057,21479,1276,950,7255,49731,3124,50752,5587,4597,0,322742,149,708,49,58784,10825,12162,19200
Liberia,3284,688,6384,105814,20518,13945,142432,38910,3478,39624,177,5642,14733,21878,12910,1868,1796,22781,92621,2493,43827,23708,22163,145813,49585,120,519,14,85243,24659,14987,5603
Libya,1283,470,20235,238179,19696,14673,3715,23870,3293,2100,2583,7492,22354,425,53596,1708,3497,497,35285,3789,98466,1690,1019,0,1352,3106,126,16,20293,15449,24380,7862
Lithuania,73,17741,32826,657865,19,7278,301,51246,11752,9166,1,42217,31808,85,21638,4540,6271,190,3315,4251,241986,1042,137,0,1784,2803,8876,20,16145,25576,6720,9714
Luxembourg,0,664,4564,41754,1,1831,310,5812,97,79,0,2030,5729,146,1515,36,1263,158,278,95,33867,48,10,0,131,438,30,2,3364,2781,2471,212
Madagascar,6929,3324,18593,773591,1343,59912,640290,159999,15133,344136,31,33836,149271,252909,72953,10727,4612,260158,386736,11569,230677,81655,75125,202088,34991,849,3720,2072,488612,105287,42875,11761
Malawi,12214,2825,19156,371555,92,58163,413051,151852,14016,274335,33,28814,62074,109606,55753,9509,4515,113304,393356,10228,226599,107433,39029,404288,1265348,716,2442,953,380042,99983,41137,9142
Malaysia,6003,4559,64618,1194056,123,90231,31782,202459,21733,64779,18,38809,183160,5275,178875,5519,16274,5563,58843,7393,570533,10204,9806,1437,49843,2393,371,794,336632,94730,113850,16974
Maldives,37,30,641,11463,0,993,627,1023,691,766,1,392,3024,236,554,0,180,301,3814,140,4030,84,383,0,12,27,0,102,859,660,1686,182
Mali,15178,2066,23893,423975,32775,55390,579172,148239,24627,174546,1432,19059,103596,297954,61404,13283,6495,304544,747229,17049,191446,189707,80995,711087,137382,319,3140,124,387730,85878,56761,37790
Malta,0,77,3887,39696,3,3133,51,3188,137,43,3,689,3866,17,674,30,1043,30,474,64,23644,77,16,0,74,171,30,1,4352,1188,2328,171
Marshall Islands,15,27,67,3454,0,696,279,457,183,264,0,341,706,58,311,0,49,61,505,30,1125,49,60,0,56,0,0,0,666,262,345,120
Mauritania,1105,438,6830,95870,156,13766,85902,29856,1721,20346,39,3891,14363,13157,25652,1070,1790,13719,75578,1677,44019,10642,18876,26053,1142,105,389,76,64681,17690,14862,4872
Mauritius,34,2024,5838,94929,0,30978,967,12375,1264,464,0,3994,13393,358,5315,78,1221,383,5335,1076,30641,324,250,0,1273,254,21,31,8047,8917,21994,949
Mexico,7297,129387,403107,3244515,1333,1328966,273613,1483060,93275,113769,677,158347,771520,234785,597433,18046,87040,269731,734235,31896,2134942,24956,42091,218,147499,13283,5348,4593,643772,985079,1182693,554972
Micronesia (country),18,48,198,8366,0,2292,501,1017,385,500,0,711,1790,124,702,30,127,128,758,48,2691,89,123,0,454,30,15,53,1358,565,1146,270
Middle East & North Africa (WB),148720,27062,881174,21840586,932348,1343681,1301386,2757904,247033,408528,0,503291,1899776,151979,3568529,98978,227642,165919,3842559,291267,5609327,203439,217833,159820,89654,138846,13272,85345,2550735,2164167,1677139,268239
Moldova,280,12646,25100,746997,1069,10389,960,127944,9498,10983,13,22504,46607,115,20292,7418,4861,171,9647,5067,182270,1571,479,0,4999,995,6914,69,32555,101480,5526,13193
Monaco,0,0,723,5363,0,108,0,497,30,38,0,164,558,0,70,5,172,0,10,0,5775,0,0,0,28,0,0,0,651,209,190,0
Mongolia,1771,8973,4504,231046,156,2817,7025,49936,5066,14616,0,16429,13996,48,15241,4616,1246,691,30005,2727,120092,4336,2286,0,180,386,7290,282,42949,34731,11467,8807
Montenegro,0,243,4422,101092,3,3750,30,4156,385,188,1,3568,2170,30,2028,121,1230,30,1549,392,40554,64,25,0,59,32,167,1,1940,1373,3176,832
Morocco,15900,2745,102231,2551096,171,112749,153225,179607,17133,168232,80,76054,213543,8554,305148,8898,24816,9729,400341,29598,543654,29170,38902,0,17552,7718,3521,1847,252563,105855,182577,10907
Mozambique,17322,5048,31971,666919,5574,93783,514639,156332,22265,602652,789,46724,94550,188945,114554,16546,6976,195650,734771,18141,266464,120772,52371,817948,1541266,1804,4100,2592,546527,66310,58349,33861
Myanmar,17130,13690,128601,3522423,18252,520531,706020,744192,155752,866485,991,74663,1253201,85808,291092,50299,35045,93900,859666,12452,1260516,139348,63745,157143,268570,5264,518,139932,1153570,530177,288985,29794
Namibia,309,649,4486,94038,216,18854,27497,18726,2130,33474,41,6700,23323,7214,15198,847,1149,7408,30358,2372,32146,3979,2864,7383,156336,140,548,264,42672,8575,8490,11562
Nauru,0,0,0,772,0,161,24,84,56,30,0,73,128,22,109,0,0,22,140,0,226,19,23,0,6,0,0,0,183,60,81,30
Nepal,26986,5022,41405,913752,14447,54405,355418,273247,62520,301406,1963,88624,822694,95262,66812,17920,13742,108221,519032,5157,406878,37391,80001,1643,34487,658,6599,15571,502770,188003,85814,13560
Netherlands,163,9705,191095,1334457,230,103768,7660,174262,2954,4343,13,57082,263005,4422,34449,530,42419,6074,13431,3627,1338631,3732,440,0,5168,3665,857,43,189718,51593,76627,5840
New Zealand,42,1301,40940,328560,0,17532,1243,25560,1788,678,0,15897,57809,252,14739,250,8236,356,4225,822,247515,682,199,0,671,1411,181,287,21517,7172,17445,1934
Nicaragua,283,8106,13636,168887,329,34246,25264,45063,5214,7083,149,9281,27119,8855,18379,822,4081,8905,41187,833,86863,4238,2710,286,6618,255,87,4855,37149,30148,57195,12919
Niger,10238,2000,14695,329937,3353,37512,1021934,134701,25082,173078,1300,18126,74913,121040,61895,12042,4065,123982,525214,17060,125297,314819,78160,693962,69439,242,2986,488,742507,71448,44573,36765
Nigeria,119860,28341,241713,4176488,78908,541020,7449328,1716202,103723,1769390,22674,190297,641714,270470,487695,107604,66545,286858,5262229,110784,1618730,1520376,525566,6422063,2216718,4897,26363,1899,5917528,995203,464656,306846
Niue,0,0,12,263,0,80,0,30,0,0,0,0,45,0,0,0,0,0,1,0,90,0,0,0,0,0,0,1,30,9,30,0
North America (WB),6252,340201,3620492,28657082,12691,2226565,228632,3316084,124433,42801,0,1302424,5351546,128331,1452471,44456,743896,142056,460952,136629,21022167,43140,25980,0,545901,838082,44370,11085,2463172,1637681,2164033,628309
North Korea,7705,9524,88087,2241454,3,95880,18000,236074,59067,106488,3,88069,780804,629389,229844,12984,26290,632056,210676,9595,978429,14250,16471,81,9620,7973,3272,2669,253159,132430,102116,26585
North Macedonia,36,847,9156,360839,215,23392,1362,15477,816,2521,49,6356,18904,14,5615,281,3887,37,7102,402,128961,387,92,0,56,282,173,37,6094,8020,8744,1850
Northern Ireland,30,1435,16731,162587,720,4193,811,19279,320,392,0,5658,31642,81,3755,197,4245,129,2239,450,124693,352,59,0,299,1238,153,5,35761,5988,5081,545
Northern Mariana Islands,0,56,90,2340,5,524,44,505,141,44,0,265,421,30,300,0,45,30,111,12,1593,0,28,0,23,0,0,5,281,367,450,117
Norway,60,7758,65284,490252,88,19988,6724,42226,2045,1738,78,18010,67974,1182,9041,571,11827,1402,2898,2059,345384,878,80,0,773,7568,971,140,68615,10864,17960,1289
OECD Countries,58588,1208356,13909444,104163658,65481,7797478,916883,14196254,707504,731794,0,5006140,15717329,582261,4644963,167576,2700967,680828,2329433,435152,79710371,206679,108858,560,977585,1165521,203120,74590,11336201,7117055,7636864,1553685
Oman,1334,175,3670,132123,0,14973,1350,8187,3524,821,0,2688,6578,113,56856,667,1297,1572,13415,590,28365,562,737,315,1388,271,284,154,11765,6390,4155,628
Pakistan,293025,45501,244109,7745192,67235,845343,3187522,1523030,125812,2309703,23324,380916,2276479,296019,421970,67217,92715,452930,7753349,75442,3633069,752870,503820,213590,36968,17829,14001,88169,2429268,1039240,874990,344555
Palau,0,0,45,1519,0,453,40,151,60,30,0,87,439,0,102,20,30,0,58,30,791,0,1,0,18,0,0,0,507,93,274,66
Palestine,238,126,6514,148182,45957,20982,1447,11551,1804,936,1342,2414,11655,385,10090,182,1783,421,47062,1283,52021,1853,873,0,223,107,51,10,14718,7711,15772,4906
Panama,110,694,18634,118409,51,21135,5690,19381,4466,6188,35,5252,18302,4247,15935,405,3363,4563,13165,558,79014,1564,1347,55,13521,320,39,201,17881,9991,19391,14278
Papua New Guinea,2680,1780,7989,293524,280,83158,85282,28270,8916,41706,66,5864,150913,6194,47315,3358,3979,6284,99287,16201,102728,21081,19822,35997,64513,435,662,3062,165597,12946,14072,15262
Paraguay,86,4506,24340,213030,69,42714,11878,33720,4752,7227,53,8268,21518,6707,30291,441,4019,6825,37494,1597,118741,3527,4264,21,10234,209,141,166,38303,14728,30102,21556
Peru,2001,10689,119043,681021,9611,89295,74514,300421,29588,118995,3854,26655,148708,56273,131011,6631,27585,60855,221763,10742,706096,9205,30220,5267,56394,4034,4077,3624,508053,156657,158881,35797
Philippines,14501,30253,200646,3724705,24968,518565,407292,674218,148009,863796,6268,101766,778269,109742,272369,6190,45991,124822,878090,27453,1644164,95695,60207,10584,110923,6722,4603,46892,1387188,317620,588007,455790
Poland,409,114388,361248,5233134,42,188412,3874,500794,37071,33190,9,224860,343254,2169,190943,14332,76105,2984,49477,20375,3062100,7276,1019,0,3314,6337,12988,241,266728,243505,142563,30348
Portugal,356,4609,117671,1168117,11,116415,3272,156107,4219,10734,2,44312,172346,3018,60113,992,26758,3832,8056,5116,807152,2028,266,0,23564,1730,1191,133,172377,80697,87915,7301
Puerto Rico,188,5422,38346,245108,56,82187,1876,48552,1565,1233,0,9228,44738,2307,17447,600,7318,2549,9193,1113,170695,593,322,0,20337,4600,126,2400,37557,31575,41444,25511
Qatar,43,88,525,19305,6,5367,112,3285,752,227,3,2105,1128,5,12711,120,268,30,2754,638,11007,132,198,0,101,99,71,0,1251,2625,2001,377
Region of the Americas (WHO),36733,901419,6170340,53597825,66804,6453025,1888482,9086564,749351,869275,0,2416468,9789196,1115956,4743433,116299,1280530,1213665,4717859,339652,37028759,373427,347883,115109,1900734,889613,68443,327612,8205620,4837394,5874889,4750433
Romania,968,33121,168815,4474916,633,63448,4394,449027,35349,54183,1,79917,288146,1511,100480,18663,45803,1841,31980,16599,1352953,5396,2361,0,7929,5639,11979,349,206799,329765,69874,20677
Russia,3598,1194672,972305,33903781,39125,369649,27964,2398456,423044,529853,4308,1793855,1518195,8167,1067225,298954,236367,15906,237923,322573,9079313,60519,15028,0,350679,259452,573771,3086,1113475,1233608,325433,1215179
Rwanda,6988,2729,12203,278336,528779,41385,308316,108696,8955,209473,3236,20201,67750,73568,70689,6139,2943,75861,209929,6722,148334,53384,36469,198066,226568,351,1687,458,259524,66153,28155,11964
Saint Kitts and Nevis,0,201,222,4545,0,750,108,558,77,42,0,60,264,112,208,0,86,140,287,69,2170,34,38,0,458,0,0,5,601,275,601,270
Saint Lucia,0,180,731,9576,8,2787,164,1246,282,159,2,322,1211,156,771,9,220,182,886,98,5985,75,51,0,254,22,0,27,1195,723,1258,774
Saint Vincent and the Grenadines,0,161,504,8390,4,2447,173,933,227,101,0,213,433,226,331,3,135,250,788,104,4385,67,31,0,696,0,0,25,988,405,849,576
Samoa,30,53,638,13383,0,2902,359,1481,388,455,0,722,3118,126,884,30,249,131,748,60,3773,93,58,0,183,30,30,191,1816,786,1455,338
San Marino,0,0,384,2309,0,111,0,314,0,0,0,103,229,0,90,0,53,0,30,0,2671,0,0,0,25,0,0,0,170,192,80,0
Sao Tome and Principe,103,37,345,6589,0,332,1598,1941,107,771,0,88,2147,496,518,38,106,518,1971,13,3103,261,264,2112,12,10,0,0,3704,1402,1144,256
Saudi Arabia,2156,1903,35620,982797,1001,65129,24024,119165,18507,48535,603,26827,93099,3133,403385,5672,12674,3250,147215,16234,239941,6453,8367,832,11106,3436,244,416,108663,92019,137413,7707
Scotland,60,6755,59042,646751,72,18113,3081,86295,1061,1547,0,21368,122759,317,10981,646,13564,512,4686,1680,509291,1111,195,0,1197,8902,591,82,98258,31560,19391,2013
Senegal,3470,1882,23104,344242,2352,50220,296554,103066,9480,118330,323,24096,64657,26812,44652,6364,6362,27936,314856,7876,158631,71048,47596,313661,66251,370,1831,274,239054,56647,53574,4163
Serbia,246,12618,58299,1871623,15002,96475,881,123698,4993,8575,3,61881,116869,269,33328,1606,19371,521,23352,3585,748460,1491,434,0,1762,1610,2145,110,38458,47483,60218,11085
Seychelles,17,26,446,6339,0,502,160,1280,325,145,0,228,847,61,397,21,142,66,324,60,3820,120,33,0,123,24,0,8,1676,787,948,156
Sierra Leone,6856,989,10415,204497,21270,22070,164175,56378,9389,83713,840,9473,36038,57962,33622,4730,2970,59264,222639,6096,75543,65418,33292,394491,63856,171,1236,1564,261440,32012,23124,2659
Singapore,31,263,20565,166594,5,9045,729,13231,714,2585,5,13921,21242,19,6793,126,3843,39,1659,338,142869,363,95,0,1241,262,60,0,62407,6048,12338,1346
Slovakia,76,5610,43798,818968,7,23085,492,83803,4982,1831,7,24921,31495,157,21269,1045,9216,224,6883,2082,355136,868,154,0,127,952,3807,102,60630,49822,20573,4769
Slovenia,30,4534,24111,220690,28,12043,138,35478,871,755,1,16660,19122,21,8427,293,4564,92,1178,401,158853,279,42,0,110,587,699,50,18440,20852,5357,903
Solomon Islands,388,255,431,48085,4,7852,8630,4532,2886,1322,4,3308,8138,984,3695,389,417,993,4499,502,12015,670,1761,4811,561,80,82,145,15041,3028,2807,1078
Somalia,26233,2876,8593,366002,51392,51124,504287,123721,19779,468031,10242,26119,84506,250235,73067,13080,2520,255787,439571,13471,159580,104739,68767,120767,83076,374,5191,3180,546989,78108,36974,54614
South Africa,4701,17782,141842,2234693,3788,609364,600313,390351,59316,789786,1997,248248,556637,91068,638445,20736,29281,94315,674828,71250,1360234,79896,56368,6150,4874296,7414,15128,877,983661,186085,278319,681957
South Asia (WB),2258458,604595,2339627,70571343,522452,6608552,31666543,15214565,3100904,20069206,0,6481163,30659920,3424564,6390707,288252,969687,4634036,32749802,884634,24749999,2985858,3327176,3029122,2537103,205249,365104,427150,22375805,8535733,6061853,1847748
South Korea,2035,34316,271861,2078568,299,320632,18152,512816,39111,125935,2,339017,381143,5320,309564,12520,55134,9919,38693,20072,2196530,5844,2374,162,2780,4041,9216,2506,215693,355103,141262,29741
South Sudan,6078,1335,10881,185687,41463,27540,224539,68747,8589,142094,2634,10941,38756,163526,29058,5410,2433,166849,284275,6831,100978,70107,20434,166774,120952,222,2227,273,302252,42206,23219,18486
South-East Asia Region (WHO),2132644,617365,3095186,83181850,213366,8564724,31726330,18406398,3542898,22102298,0,6699212,33443326,4368839,8327432,305490,1140989,5478436,27782395,889606,29942742,2684669,3172100,3047021,3474252,218915,357614,668319,22870388,10746035,6921745,1749639
Spain,475,12056,658652,3726864,887,295332,19990,638695,17253,18850,437,111994,893090,5813,158947,4128,132799,9970,25943,8187,3106705,7534,651,0,60056,23618,2643,487,330411,281432,322884,12428
Sri Lanka,875,15616,75095,1149527,82347,232901,47298,168215,32172,41538,9744,168817,351548,6971,94894,2953,16844,7428,76201,11899,399926,11783,5458,7106,1926,4091,2512,37228,130288,141622,122796,31380
Sub-Saharan Africa (WB),608429,166446,1236217,25004832,1516084,3617951,25516427,7911498,859894,13536392,0,1681946,4695413,5092728,4755324,581734,313765,5262969,23639530,692371,11144103,5466427,2869652,21684149,29056881,49469,158559,27217,23749683,4677039,2767542,2125834
Sudan,67188,2487,62346,1887465,92787,52868,561001,171067,62584,57868,3493,49751,214960,70645,212125,25388,15624,73456,934503,46951,359195,52004,89630,100763,91233,6526,2039,1059,374139,111989,106168,30941
Suriname,41,334,2077,30883,1,4743,1575,5720,787,347,1,3553,2577,493,2716,72,439,523,5653,331,13646,325,282,877,3319,73,7,0,3817,2868,4575,1305
Sweden,97,12645,147340,1213946,27,54982,11587,92419,3473,4000,15,45243,107028,2339,17048,1180,31548,2919,4618,3192,710254,1157,121,0,1379,7706,2048,60,96953,28634,38049,3904
Switzerland,182,7984,110105,722512,24,45284,4115,76721,1957,1791,23,43897,80707,1251,16295,314,21919,2181,5219,1354,516815,1639,138,0,2901,7601,329,350,59500,30449,39494,2354
Syria,1233,1464,31912,1056981,365293,41936,13311,64019,7005,3975,14724,9839,79697,4666,62105,3019,8546,5605,130737,6676,198726,13964,5786,32,541,3186,926,131,76767,48393,66362,9409
Taiwan,268,7659,136808,981658,36,266537,2137,309002,26404,43535,35,109715,217564,3969,160502,6938,36187,4225,16447,7032,1148629,4647,856,0,3399,8816,570,3693,224208,201363,155474,17345
Tajikistan,3740,5101,15844,535923,24266,25178,67291,59507,22954,22215,307,9728,50477,560,17297,2965,5497,3510,90126,10001,120108,10431,2576,4932,2325,530,309,2072,157704,45011,6711,10944
Tanzania,19635,7020,66904,1155416,700,168174,743870,350358,35519,638516,72,70982,162969,309857,140881,27430,14391,320554,1122254,30282,629238,146489,133746,800490,2465047,2855,6332,807,1209289,215936,124990,74764
Thailand,8236,21987,335804,2572195,7044,386466,167298,707685,169256,310507,2506,248729,666147,28794,717057,7720,69870,32140,153777,19719,2369108,37372,18063,8592,618532,12339,1244,11807,493505,431669,509707,216115
Togo,3519,1034,7137,163134,638,18997,224470,50797,5130,62009,75,11797,28843,14742,35797,2795,1965,15414,156118,3893,69820,26855,18494,160123,179708,281,964,72,132028,29818,20165,11226
Tokelau,0,0,0,140,0,30,0,13,0,0,0,0,34,0,0,0,0,0,3,0,49,0,0,0,0,0,0,0,24,0,6,0
Tonga,175,30,402,4613,0,1952,111,1096,170,182,0,141,1251,117,296,35,125,120,595,90,3292,214,79,0,39,0,0,11,1024,560,773,87
Trinidad and Tobago,87,670,6467,103599,157,40399,963,11578,1623,738,6,5119,6547,887,6227,106,1471,954,6815,647,45289,660,338,0,8442,168,30,23,8278,4717,11237,8197
Tunisia,2836,843,46040,769978,489,32349,4256,49677,6117,4740,310,11250,61408,913,76230,3064,9358,1057,79918,7278,205035,3880,3357,0,2289,2988,241,95,53421,30958,53081,2721
Turkey,25245,5472,374548,4167835,37414,484386,52514,332311,29356,65510,5977,81642,733091,19318,217882,15857,71753,24559,629097,14509,2154475,32710,21647,179,2970,5245,1739,20972,476082,179133,410468,61032
Turkmenistan,2759,5519,11089,438094,1200,14135,16771,57210,10055,18010,3,12905,16561,298,12756,1539,2110,658,44678,6842,80874,3466,1915,12,3950,1062,2709,17,82139,48047,15320,6628
Tuvalu,0,0,35,1120,0,264,50,120,30,46,0,60,248,14,80,0,30,14,94,18,345,5,5,0,7,0,0,0,179,60,108,30
Uganda,10912,5467,34155,632868,23456,106337,495526,212761,22734,491292,2373,51079,142817,187486,135004,15581,8228,191830,949090,17217,421210,179942,56671,1265629,2102167,785,4228,822,564036,122997,72223,50983
Ukraine,3175,303062,369800,13053052,9578,95725,3615,786889,169303,146512,2261,444127,670421,3304,285347,81011,93588,7895,75146,95015,3190335,17655,3784,0,177144,45328,120391,316,236344,509723,57772,190094
United Arab Emirates,963,1035,1653,113217,2,16413,1021,9201,3353,2125,1,10612,24193,95,64581,688,1182,170,5347,3247,63641,1087,283,0,1866,10129,203,0,9876,6088,18201,2157
United Kingdom,680,38289,760163,6603062,1646,194851,35655,829566,10099,15093,567,171611,1293421,2994,114375,5965,178912,5004,61675,15676,5182471,11589,1761,0,11315,60456,5628,408,1241986,243170,169923,14156
United States,5851,309757,3302609,26438346,12506,2030631,199602,3026943,114752,38127,3535,1168886,4949052,121030,1359744,40259,661288,133044,429516,126712,18905315,40032,25206,0,528417,800798,40402,10712,2248625,1514325,2018497,596818
United States Virgin Islands,0,303,589,10542,0,1674,30,1331,181,30,0,248,642,93,523,12,260,97,314,51,6766,13,21,0,333,69,25,19,552,794,1027,973
Uruguay,68,2579,33199,316537,3,22890,3970,43043,3362,2664,1,17501,55096,2547,17244,570,8336,3202,10213,1995,272842,1399,433,0,4365,276,191,23,39468,15006,21596,5354
Uzbekistan,12185,14820,41265,2749832,855,137009,35431,341410,66631,95035,68,83791,146544,755,120419,10519,13633,3497,232126,29237,505008,16674,6896,48,12309,3456,4880,117,475207,288771,105239,28015
Vanuatu,103,73,331,16362,0,2032,1928,2047,752,1071,0,1171,3751,356,1485,57,227,361,2385,93,4143,191,232,1247,248,28,30,177,2803,1100,1164,75
Venezuela,1109,5824,108735,1158991,1047,175790,61658,168365,20273,23568,110,57960,122198,21347,175036,2607,18573,22554,154484,4949,641727,11615,12739,3726,46090,1664,268,31025,124366,91720,161667,266071
Vietnam,30650,20059,369363,5323920,98,544222,109700,735817,214356,729683,1,197601,911787,7366,594980,34681,83322,48613,449614,17380,2156232,38559,13167,17311,148838,19959,2967,12526,639832,527192,396874,47981
Wales,30,2082,40586,372604,37,10810,2008,43828,529,821,0,9243,72858,179,5730,330,9323,289,2713,830,279702,596,84,0,503,3211,326,71,68744,13347,9440,739
World (excluding China),31584,1095620,13434010,100146131,31967,6563100,628785,12982106,649623,657937,0,4975336,14718060,342308,4606907,149996,2621807,403828,1193837,423014,77735823,166172,57512,1311,887898,1176353,198247,55940,10755075,6337034,6478820,1014677
Yemen,26532,1590,31045,1110837,95610,30812,419051,111536,27994,32460,8776,29882,126525,66731,278327,12561,7188,68939,729558,23871,234015,21095,53611,143463,6276,3718,1049,1131,259044,64136,52119,17918
Zambia,8846,2677,13473,360770,159,54098,348764,147640,12809,275391,21,29216,59173,92915,56976,9056,4054,95913,300479,9476,198742,98886,28395,205529,1175563,933,2451,73,345855,100581,41751,30065
Zimbabwe,3778,1246,20017,408352,625,71175,140850,108691,18169,273844,27,51763,71774,65942,67207,9113,5764,66723,251875,14718,272787,41238,29802,118728,1836042,2271,978,1247,326145,55027,49952,32741
